ratings;user;bookid
5;1;1
4;5;1
5;8;1
2;12;1
4;62;1
5;97;1
5;1;2
2;12;2
4;35;2
4;62;2
5;97;2
5;1;3
5;2;3
4;5;3
5;8;3
3;12;3
4;35;3
2;47;3
4;62;3
0;77;3
5;97;3
5;1;4
3;35;4
5;97;4
5;1;5
3;12;5
4;35;5
4;62;5
5;97;5
5;1;6
2;12;6
4;35;6
4;62;6
5;97;6
4;5;10
5;1;11
5;73;11
3;91;11
5;1;12
4;2;12
1;5;12
4;7;12
4;21;12
4;43;12
4;66;12
5;73;12
0;77;12
1;5;13
5;16;13
5;1;21
2;18;21
3;56;21
0;66;21
0;77;21
5;1;30
5;35;30
5;40;30
4;66;30
5;92;30
5;1;33
4;9;33
0;73;33
4;77;33
5;1;34
4;73;34
4;77;34
5;1;40
5;3;40
0;77;40
5;1;45
3;13;45
4;18;45
5;35;45
0;74;45
4;96;45
5;5;48
5;1;50
5;5;50
5;47;50
4;57;50
4;73;50
5;5;61
5;5;93
4;1;103
1;5;104
4;72;104
4;1;105
4;1;106
4;1;112
4;1;117
5;1;122
5;2;122
5;5;122
4;6;122
0;31;122
0;53;122
3;66;122
0;1;151
5;50;151
5;5;155
1;5;274
5;5;286
3;51;286
5;53;286
5;1;295
4;5;295
3;53;295
5;5;304
4;1;320
5;15;320
0;24;320
0;31;320
0;35;320
5;55;320
5;66;320
4;72;320
0;73;320
1;91;320
5;5;343
4;51;343
5;1;350
0;77;350
1;5;360
4;73;360
5;1;361
4;5;378
3;47;378
0;77;378
5;97;378
0;1;478
4;1;493
5;18;493
2;3;553
4;3;563
0;96;563
0;1;647
5;34;647
0;97;647
5;5;655
0;5;656
5;90;656
4;91;656
3;1;662
0;5;662
3;8;662
0;53;662
5;89;662
2;91;662
0;1;668
4;1;685
4;5;685
4;1;771
4;35;771
4;3;776
3;3;792
5;1;816
0;9;816
5;55;816
4;56;816
0;77;816
0;1;823
2;55;823
2;1;828
4;1;830
5;9;830
0;77;830
4;1;835
5;21;835
5;1;840
3;21;840
4;43;840
5;56;840
3;73;840
0;77;840
0;97;840
3;1;856
4;1;857
4;21;857
4;35;857
5;1;865
5;5;865
5;7;865
5;8;865
5;26;865
4;47;865
3;50;865
5;53;865
4;59;865
0;63;865
4;66;865
5;91;865
5;1;874
5;5;874
5;6;874
4;18;874
5;26;874
5;40;874
5;47;874
5;53;874
3;66;874
4;71;874
5;1;890
5;18;890
4;21;890
5;26;890
4;66;890
4;73;890
4;91;890
5;1;901
5;5;903
0;1;905
0;5;905
5;18;905
4;1;912
5;26;912
4;96;912
5;5;930
4;31;930
5;47;930
1;50;930
4;91;930
2;99;930
4;1;960
4;2;960
1;5;960
4;7;960
5;26;960
2;59;960
3;63;960
5;2;968
4;5;968
4;7;968
5;8;968
3;12;968
2;15;968
4;20;968
4;26;968
5;64;968
4;73;968
0;87;968
4;99;968
2;1;975
5;1;1004
3;3;1014
5;1;1067
5;2;1067
0;26;1067
3;66;1067
5;3;1078
0;26;1078
4;91;1078
0;1;1111
5;55;1111
4;1;1202
4;9;1202
4;15;1202
4;18;1202
4;21;1202
2;26;1202
5;47;1202
5;55;1202
3;59;1202
4;62;1202
3;63;1202
0;87;1202
5;1;1226
5;5;1226
0;26;1226
5;43;1226
4;50;1226
4;66;1226
5;1;1232
3;5;1232
5;8;1232
0;15;1232
4;26;1232
0;47;1232
4;55;1232
5;91;1232
4;5;1295
2;55;1295
3;91;1295
4;1;1301
4;43;1301
4;64;1301
4;99;1301
5;1;1306
0;1;1316
0;1;1319
4;5;1362
4;1;1376
5;5;1381
4;18;1381
3;73;1381
4;1;1384
5;5;1420
4;99;1420
3;2;1540
0;5;1591
5;5;1617
0;8;1617
5;26;1617
0;77;1617
4;1;1622
4;5;1622
4;53;1622
0;87;1622
5;5;1624
4;91;1624
4;1;1633
4;3;1633
0;5;1633
4;8;1633
5;9;1633
3;56;1633
3;74;1633
3;1;1843
3;6;1843
3;18;1843
5;34;1843
0;66;1843
5;1;1852
4;47;1852
3;53;1852
0;87;1852
5;2;1885
5;5;1885
3;9;1885
4;35;1885
0;47;1885
5;51;1885
4;53;1885
1;73;1885
5;1;1893
4;1;1898
5;55;1898
4;66;1898
0;2;1934
4;5;1935
3;8;1935
3;91;1935
4;1;1953
2;35;1953
5;1;2052
4;2;2052
5;5;2052
4;35;2052
0;1;2054
4;35;2054
5;1;2122
5;12;2122
3;18;2122
0;21;2122
0;26;2122
3;40;2122
5;43;2122
4;51;2122
0;53;2122
3;56;2122
5;59;2122
3;72;2122
5;89;2122
3;91;2122
4;97;2122
3;5;2131
4;1;2140
5;40;2140
5;5;2175
0;5;2183
4;5;2187
4;6;2187
4;40;2187
5;47;2187
0;53;2187
5;55;2187
4;56;2187
3;91;2187
0;1;2203
0;5;2253
5;5;2255
3;26;2255
0;50;2255
4;66;2255
4;1;2256
5;1;2262
5;1;2265
3;56;2265
4;66;2265
4;5;2443
0;1;2493
3;73;2493
0;1;2512
0;5;2519
3;8;2519
0;47;2519
0;5;2529
4;5;2530
4;1;2552
4;5;2552
5;21;2552
4;66;2552
4;97;2552
5;1;2574
0;21;2574
3;56;2574
0;1;2590
4;18;2590
4;65;2590
0;1;2601
0;1;2603
5;15;2603
4;1;2612
4;18;2612
4;26;2612
5;40;2612
5;55;2612
4;56;2612
3;74;2612
0;77;2612
2;96;2612
0;1;2615
4;1;2618
0;53;2618
0;97;2618
4;1;2623
4;55;2623
4;5;2655
5;1;2657
4;9;2657
5;12;2657
5;15;2657
4;53;2657
5;66;2657
0;73;2657
5;77;2657
5;91;2657
3;99;2657
0;5;2666
4;55;2666
5;1;2674
2;8;2674
3;26;2674
2;35;2674
0;63;2674
4;5;2696
3;53;2696
0;73;2696
4;5;2735
5;34;2735
4;1;2748
0;20;2748
5;34;2748
5;56;2748
5;5;2802
5;5;2804
4;5;2834
5;5;2836
3;5;2865
4;40;2865
4;47;2865
3;5;2932
4;73;2932
5;1;2956
5;5;2956
3;8;2956
4;47;2956
5;49;2956
5;51;2956
4;53;2956
5;57;2956
4;59;2956
5;66;2956
5;97;2956
4;5;2974
5;1;2998
5;5;2998
5;51;2998
5;5;3008
5;51;3008
5;5;3049
5;51;3049
0;5;3068
4;5;3077
5;5;3087
5;50;3087
3;63;3087
5;5;3102
4;5;3107
4;1;3109
3;18;3109
4;40;3109
4;55;3109
4;56;3109
4;5;3110
0;40;3110
5;5;3143
5;5;3146
5;5;3150
5;5;3151
5;5;3156
4;5;3326
5;5;3331
0;1;3353
0;97;3353
0;1;3359
5;59;3359
4;66;3359
4;1;3368
5;21;3368
3;56;3368
4;73;3368
5;1;3388
5;5;3388
1;47;3388
3;50;3388
4;63;3388
0;5;3394
0;5;3396
4;5;3398
0;5;3399
0;5;3400
4;5;3402
5;5;3412
3;5;3437
3;8;3437
5;5;3480
0;1;3559
5;61;3559
5;5;3562
5;5;3565
5;5;3569
5;1;3590
4;9;3590
2;5;3623
5;5;3644
5;5;3645
0;1;3646
2;5;3648
1;91;3648
4;5;3677
0;5;3679
2;50;3679
3;63;3679
0;71;3679
4;5;3685
5;5;3711
0;53;3711
0;63;3711
4;71;3711
4;5;3741
5;51;3741
4;1;3750
4;1;3757
5;1;3758
5;2;3758
4;5;3758
4;1;3759
3;5;3759
4;1;3760
0;5;3761
0;5;3762
3;2;3763
3;5;3763
5;1;3764
5;2;3764
4;5;3764
5;5;3774
5;51;3774
5;5;3776
3;5;3780
4;5;3782
4;5;3784
5;5;3788
5;5;3791
2;5;3796
0;5;3836
3;53;3836
3;57;3836
5;5;3867
5;6;3867
4;63;3867
3;91;3867
5;1;3876
0;15;3876
4;50;3876
4;66;3876
0;5;3900
0;1;3973
4;1;3977
4;5;3980
5;5;4009
4;50;4009
0;77;4009
5;5;4069
5;26;4069
4;55;4069
0;77;4069
5;1;4099
5;73;4099
4;5;4137
3;8;4137
3;15;4137
2;50;4137
5;73;4137
0;77;4137
5;97;4137
5;5;4197
5;2;4214
5;9;4214
4;59;4214
0;77;4214
5;91;4214
4;1;4248
4;47;4248
3;66;4248
0;1;4264
0;66;4264
0;5;4271
0;5;4337
5;1;4380
4;66;4380
4;97;4380
3;1;4395
3;5;4395
0;15;4395
3;53;4395
5;66;4395
4;91;4395
4;99;4395
5;5;4406
0;53;4406
5;66;4406
4;91;4406
0;5;4422
5;15;4422
3;5;4473
3;91;4473
2;5;4486
4;3;4514
4;5;4600
4;1;4610
5;15;4610
5;66;4610
3;3;4623
5;5;4627
5;66;4627
5;5;4645
4;1;4648
5;1;4671
3;12;4671
4;15;4671
5;18;4671
5;47;4671
5;53;4671
4;66;4671
0;73;4671
0;87;4671
5;91;4671
4;99;4671
5;5;4687
3;3;4739
0;5;4813
0;1;4865
4;55;4865
0;1;4866
3;1;4902
0;5;4902
4;18;4902
3;5;4916
0;5;4929
0;77;4929
0;5;4934
0;8;4934
5;50;4934
0;66;4934
4;91;4934
5;1;4948
0;77;4948
0;5;4952
0;77;4952
0;5;4953
4;56;4953
5;1;4981
3;12;4981
4;15;4981
4;18;4981
0;21;4981
0;53;4981
0;63;4981
4;66;4981
5;70;4981
4;73;4981
0;97;4981
4;5;4989
4;12;4989
4;47;4989
3;91;4989
0;1;5043
0;2;5043
5;9;5043
0;53;5043
5;55;5043
5;57;5043
4;91;5043
5;1;5064
4;91;5064
4;5;5084
5;47;5084
5;5;5102
5;1;5107
4;9;5107
3;12;5107
0;15;5107
5;18;5107
4;47;5107
0;63;5107
5;66;5107
4;77;5107
5;91;5107
5;99;5107
5;1;5129
5;9;5129
4;12;5129
4;15;5129
4;18;5129
0;21;5129
5;70;5129
5;5;5137
5;5;5148
5;53;5148
3;5;5177
0;1;5183
0;5;5186
0;8;5186
2;5;5219
0;5;5296
5;5;5297
0;53;5297
4;91;5297
0;5;5326
4;1;5358
4;47;5358
0;87;5358
0;5;5427
5;53;5427
5;5;5439
5;53;5439
5;1;5470
5;9;5470
5;15;5470
4;21;5470
4;35;5470
3;47;5470
4;53;5470
5;73;5470
4;91;5470
5;5;5507
0;1;5526
0;5;5527
5;9;5527
5;55;5527
5;1;5544
5;5;5544
4;73;5544
5;74;5544
5;1;5548
5;74;5548
0;1;5558
0;96;5558
3;1;5559
2;18;5559
0;1;5579
0;1;5592
5;5;5659
0;5;5693
3;1;5720
5;1;5759
5;2;5759
1;5;5759
0;21;5759
5;43;5759
4;5;5797
0;5;5809
0;5;5826
4;47;5826
5;50;5826
5;55;5826
2;91;5826
4;5;5890
0;31;5890
5;1;5907
3;9;5907
4;53;5907
4;73;5907
4;77;5907
5;5;5933
1;5;6035
2;5;6149
0;8;6149
3;91;6149
5;5;6150
3;50;6150
2;5;6183
0;5;6194
4;5;6200
5;1;6310
5;5;6310
5;5;6319
5;5;6327
0;1;6334
0;53;6334
3;91;6334
3;5;6440
5;5;6517
4;2;6534
3;2;6543
0;5;6613
3;5;6614
5;5;6667
4;5;6669
5;5;6671
2;5;6687
4;5;6689
4;35;6689
4;53;6689
3;73;6689
5;5;6690
5;5;6727
0;5;6751
0;1;6759
0;5;6759
5;5;6862
0;1;6867
3;91;6867
0;5;6871
4;1;6882
4;5;6952
4;47;6952
0;5;6969
3;91;6969
4;5;7036
3;1;7061
3;5;7061
3;63;7061
5;5;7062
3;63;7062
4;1;7082
0;21;7082
3;55;7082
0;77;7082
0;1;7090
0;73;7090
0;5;7101
0;5;7103
5;1;7126
3;91;7126
0;5;7144
4;8;7144
4;9;7144
0;87;7144
5;91;7144
5;5;7178
5;53;7178
0;5;7186
5;90;7186
5;1;7190
5;2;7190
5;5;7190
3;8;7190
3;55;7190
5;90;7190
2;5;7208
4;63;7208
5;5;7243
4;1;7244
0;31;7244
4;91;7244
0;5;7354
3;55;7354
0;5;7437
0;15;7437
0;5;7445
4;8;7445
5;91;7445
3;5;7455
0;1;7493
5;18;7493
5;55;7493
5;1;7526
4;5;7526
5;8;7526
5;55;7526
5;5;7578
0;5;7585
0;5;7588
0;15;7588
4;5;7603
3;91;7603
5;5;7607
5;1;7613
5;9;7613
4;12;7613
4;15;7613
0;53;7613
2;73;7613
5;1;7624
3;20;7624
0;21;7624
4;53;7624
0;63;7624
4;66;7624
0;5;7628
3;1;7661
3;18;7661
3;1;7667
3;18;7667
3;1;7668
4;18;7668
4;95;7668
2;1;7672
5;18;7672
3;1;7679
2;1;7682
4;5;7714
3;1;7745
5;21;7745
4;55;7745
5;66;7745
4;5;7763
0;5;7805
0;5;7815
0;8;7815
0;50;7815
3;5;7850
4;5;7882
0;5;7911
4;1;7967
3;73;7967
2;91;7967
0;5;7989
5;5;8068
5;1;8127
5;5;8127
5;50;8127
0;5;8248
4;5;8253
4;5;8282
4;5;8337
5;5;8600
0;47;8600
4;1;8648
0;1;8649
3;1;8650
5;1;8695
4;73;8695
4;1;8714
0;26;8714
0;1;8716
0;5;8787
4;5;8841
0;8;8841
5;3;8844
5;5;8844
5;8;8844
5;5;8852
0;8;8852
2;73;8852
0;87;8852
5;5;8906
0;1;8908
4;56;8908
4;73;8908
0;77;8908
5;5;8947
3;5;9011
5;5;9193
3;5;9220
5;5;9230
5;5;9240
0;5;9248
4;5;9290
4;5;9327
3;47;9327
3;1;9339
0;1;9345
5;53;9345
4;5;9375
0;5;9530
5;1;9624
5;5;9624
5;5;9653
0;8;9653
0;73;9653
5;5;9717
3;50;9717
0;77;9717
3;91;9717
5;5;9734
5;91;9734
0;1;9742
0;21;9742
0;77;9742
5;5;9804
5;5;9809
0;53;9809
5;5;9822
0;1;9854
4;5;9888
0;5;9915
0;21;9915
5;5;10037
0;53;10037
4;5;10065
3;1;10146
2;18;10146
0;21;10146
4;96;10146
5;1;10147
4;1;10148
0;5;10218
5;5;10222
0;5;10235
4;47;10235
5;1;10365
5;5;10365
5;8;10365
4;5;10453
4;5;10460
5;1;10572
5;18;10572
5;55;10572
4;5;10614
3;5;10622
0;1;10631
4;99;10631
0;1;10639
0;9;10639
0;53;10639
0;5;10669
3;8;10669
4;55;10669
4;64;10669
0;5;10739
0;31;10739
0;5;10765
5;5;10799
3;50;10799
3;53;10799
5;66;10799
4;1;10853
3;18;10853
5;66;10853
1;5;10873
3;66;10873
0;1;10883
0;35;10883
0;1;10884
0;5;10890
4;2;10917
4;5;10917
4;5;10956
0;53;10956
0;1;10959
5;5;10975
0;15;10975
0;21;10975
0;53;10975
5;1;11012
5;5;11012
0;15;11012
0;53;11012
3;73;11012
3;5;11015
4;5;11022
5;5;11035
0;5;11038
3;5;11046
0;5;11112
5;5;11121
2;1;11125
3;21;11125
4;1;11129
0;5;11198
5;5;11220
3;1;11275
3;5;11275
0;31;11275
0;56;11275
5;5;11320
0;5;11366
4;15;11366
5;5;11438
3;5;11466
0;31;11466
3;5;11486
4;9;11486
4;47;11486
0;87;11486
4;91;11486
3;5;11587
0;5;11650
3;5;11713
4;95;11713
0;5;11741
0;8;11741
3;91;11741
5;5;11849
4;47;11849
0;5;11989
5;5;11994
0;1;12067
4;73;12067
0;5;12103
0;5;12165
0;5;12172
0;5;12194
0;5;12279
3;1;12296
0;2;12296
3;5;12296
5;47;12296
3;53;12296
2;91;12296
0;5;12447
0;1;12467
4;15;12467
0;5;12474
2;5;12590
0;5;12749
0;5;12914
5;5;12938
4;12;12938
0;87;12938
5;5;12957
5;5;12985
5;2;12996
4;5;13001
0;5;13006
2;73;13006
5;5;13023
0;5;13037
5;5;13039
4;1;13103
4;20;13103
3;66;13103
3;1;13148
4;5;13173
3;5;13214
4;91;13214
0;5;13465
5;2;13496
5;18;13496
5;55;13496
0;73;13496
4;2;13497
4;18;13497
3;55;13497
0;1;13528
0;1;13642
4;97;13642
0;5;13847
5;2;14050
3;5;14050
5;6;14050
3;31;14050
4;47;14050
5;63;14050
5;68;14050
2;91;14050
0;5;14096
0;5;14264
4;5;14286
4;1;14366
4;1;14497
3;5;14497
5;55;14497
4;5;14507
0;5;14546
0;5;14595
0;5;14662
0;5;14684
0;2;14865
5;5;14891
0;8;14891
5;47;14891
3;55;14891
0;5;14942
0;1;15017
0;5;15047
4;72;15047
0;5;15054
5;1;15241
3;73;15241
4;77;15241
0;5;15613
0;5;15622
4;1;15769
4;5;15779
3;5;15782
0;5;15860
3;18;15860
0;5;15931
4;5;15997
4;99;15997
0;1;16121
0;1;16130
0;18;16130
0;35;16130
0;5;16172
0;1;16286
0;31;16286
0;1;16304
0;5;16393
0;1;16631
0;5;16640
0;1;16690
0;18;16690
0;73;16690
0;5;16809
3;1;16981
0;5;17125
0;5;17150
5;47;17150
4;1;17214
4;73;17214
0;1;17238
4;1;17354
0;1;17372
4;5;17529
0;5;17690
0;5;17716
0;5;17768
0;1;17780
4;5;18033
0;5;18061
5;1;18116
4;1;18122
1;5;18122
4;35;18122
3;55;18122
4;1;18131
4;53;18131
0;77;18131
4;1;18135
4;5;18135
3;63;18135
5;2;18254
0;5;18271
2;5;18342
4;5;18373
3;8;18373
3;53;18373
0;73;18373
3;5;18405
5;8;18405
0;77;18405
4;91;18405
0;1;18423
4;5;18423
0;73;18423
3;1;18455
4;1;18490
5;1;18512
5;1;18646
5;1;18699
0;1;18765
0;5;18839
0;1;18989
0;1;19000
2;1;19002
0;5;19089
0;5;19117
5;5;19302
5;5;19307
5;5;19308
5;5;19314
5;1;19321
5;5;19321
3;5;19330
4;5;19351
0;2;19374
0;34;19374
5;5;19380
5;53;19380
3;70;19380
1;73;19380
0;5;19392
4;5;19400
5;1;19494
3;5;19494
3;5;19501
1;31;19501
5;47;19501
5;55;19501
3;63;19501
0;87;19501
2;91;19501
5;1;19543
5;21;19543
4;66;19543
5;91;19543
5;97;19543
4;5;19596
0;77;19596
3;1;19668
3;1;19675
3;1;19687
4;1;19691
3;1;19707
5;1;19743
4;1;19764
0;1;19809
0;47;19809
0;1;20926
0;5;21182
0;5;21199
4;1;21314
0;1;21484
0;1;21704
5;1;22034
0;1;22149
0;1;22320
4;18;22320
0;31;22320
4;73;22320
0;74;22320
4;1;22328
5;73;22328
0;1;22333
3;3;22435
0;2;22463
3;5;23204
4;5;23341
3;8;23341
2;91;23341
4;99;23341
5;5;23422
1;63;23422
0;77;23422
0;5;23425
5;5;23426
5;1;23772
5;53;23772
5;77;23772
5;91;23772
0;1;23801
5;5;23856
5;5;23919
0;5;23982
5;5;24051
5;5;24054
5;5;24057
5;5;24058
0;5;24100
0;1;24113
5;35;24113
1;73;24113
0;77;24113
3;1;24128
5;5;24137
3;5;24213
0;2;24241
0;1;24280
0;53;24280
5;90;24280
3;91;24280
5;5;24283
0;5;24355
5;5;24583
4;53;24583
0;5;24687
5;40;24687
0;5;24732
5;1;24815
5;1;24816
5;73;24816
5;1;24818
0;5;24998
4;1;25019
5;47;25019
4;5;25051
4;5;25052
0;5;25089
0;5;25645
0;5;25930
3;91;25930
0;5;26023
0;5;26506
4;1;26899
3;18;26899
3;73;26899
0;1;27003
5;5;27457
0;1;27485
3;35;27485
0;1;27523
0;1;27539
0;77;27539
0;5;27690
0;5;28012
0;2;28187
0;5;28305
0;5;28381
0;5;28405
5;1;28815
5;7;28815
5;8;28815
5;35;28815
5;55;28815
0;77;28815
4;5;28862
0;53;28862
2;73;28862
0;1;28876
5;5;28921
2;73;28921
0;77;28921
5;5;29044
0;8;29044
0;5;29127
0;5;29209
5;5;29544
0;1;29579
5;73;29579
5;97;29579
5;5;29641
5;5;29744
3;5;29933
4;2;30003
0;5;30005
5;5;30043
4;5;30118
5;1;30119
5;21;30119
5;53;30119
2;73;30119
5;77;30119
5;97;30119
5;5;30132
0;5;30567
0;1;30597
4;90;30597
4;5;30868
4;5;30919
5;5;30933
0;77;30933
5;5;31122
3;5;31138
4;1;31139
4;5;31139
0;5;31173
5;1;31196
0;5;31242
0;5;31244
5;5;31314
4;5;31335
0;47;31335
4;91;31335
4;5;31491
5;1;31646
4;66;31646
3;5;32071
5;1;32198
0;5;32275
0;5;32280
4;1;32349
0;1;32475
3;5;32533
2;1;32542
0;87;32542
0;5;32585
4;1;32606
3;1;32669
5;1;32682
5;5;32901
5;1;32923
5;5;32923
5;5;32929
5;77;32929
4;5;32946
0;5;32994
0;1;33053
5;5;33375
5;1;33507
4;2;33507
0;5;33507
5;5;33514
5;53;33514
4;1;33600
0;53;33600
0;77;33600
3;5;33926
4;63;33926
5;5;34040
0;5;34053
4;5;34268
0;5;34452
3;1;34497
4;73;34497
0;1;34975
4;1;34993
0;5;35220
1;73;35220
4;3;35289
5;5;35339
5;5;35706
4;5;35710
0;5;35743
4;2;37190
5;5;37272
0;5;37378
0;5;37380
4;1;37415
0;31;37415
4;1;37553
3;1;37609
3;5;37609
0;5;37638
3;5;37651
4;5;37673
5;1;37684
4;9;37684
3;15;37684
3;73;37684
3;5;37732
3;5;37740
0;5;37741
4;5;37834
5;5;37909
5;5;37913
5;5;37914
4;5;38262
0;5;38290
5;1;38296
5;1;38300
0;1;38302
0;1;38315
0;5;38329
5;5;38486
0;5;38524
0;5;38706
5;5;38747
5;5;38752
4;1;38840
4;55;38840
0;2;39000
0;5;39021
5;5;39034
5;5;39926
0;5;39937
4;5;40189
4;47;40189
3;63;40189
4;91;40189
4;2;40745
0;26;40745
0;77;40745
0;1;40866
0;5;40929
5;1;40955
3;18;40955
0;74;40955
4;1;40958
4;8;40958
0;5;41219
5;5;41363
4;5;41457
0;1;41506
0;2;41591
4;1;41619
4;1;41643
0;96;41643
3;1;41653
0;5;41667
3;1;41716
4;1;41786
0;1;41793
5;1;41804
4;73;41804
0;77;41804
0;97;41804
3;5;41865
3;6;41865
3;47;41865
3;63;41865
1;74;41865
0;1;41868
2;3;41870
0;5;41977
5;5;42384
5;1;42407
5;5;42407
0;5;42697
5;5;42914
0;5;43121
5;5;43132
5;5;43138
5;5;43141
4;3;43235
3;3;43236
1;3;43239
3;3;43240
5;1;43244
4;3;43244
0;74;43244
5;3;43245
0;5;43448
4;1;43536
0;1;43615
0;5;43641
4;8;43641
4;47;43641
4;91;43641
0;1;43691
4;1;43944
4;5;43944
3;5;44521
2;5;44559
0;1;44735
4;77;44735
5;5;44866
5;5;44905
0;5;45181
0;5;45195
0;1;45252
0;1;45546
0;5;45793
3;5;46064
4;3;46084
0;65;46084
3;73;46084
0;1;46164
0;5;46164
5;40;46164
5;5;46199
4;5;46204
0;5;46799
4;5;47021
0;5;47059
0;1;47212
0;1;48019
0;53;48019
0;74;48019
5;5;48131
5;5;48132
3;5;48398
5;5;48461
0;5;48467
0;5;48564
4;1;48855
4;53;48855
4;1;49226
0;5;49465
5;5;49628
3;55;49628
1;63;49628
4;73;49628
0;77;49628
0;5;50135
0;8;50135
0;5;50275
0;1;50365
0;5;50615
5;5;50725
0;5;50727
0;1;51291
0;5;51296
0;5;51496
3;1;52357
0;5;53003
5;5;53240
3;1;54499
4;90;54499
0;5;54620
0;5;54666
3;1;54812
0;5;54899
0;5;55008
0;5;55428
0;5;55563
3;5;55876
0;5;56034
3;5;56351
0;5;56616
0;5;56759
0;5;57485
0;5;57736
5;5;58654
5;5;58922
0;5;59145
5;1;59715
5;73;59715
5;5;59716
0;77;59716
0;5;60792
0;5;60931
0;5;61024
0;5;61026
0;5;61060
0;1;61329
5;9;61329
5;3;61535
5;5;61549
0;1;61886
5;5;62111
5;1;62291
4;18;62291
5;55;62291
0;5;62794
0;5;63913
0;1;64222
5;73;64222
0;5;65278
4;1;66406
4;5;66406
0;5;67141
0;5;67270
5;1;67490
0;1;68143
0;5;68985
5;9;68985
0;5;69091
0;2;69130
4;1;69242
4;7;69242
0;9;69242
0;77;69242
0;5;70105
0;1;70132
4;73;70132
2;74;70132
0;77;70132
3;5;70944
5;5;71292
5;5;71301
2;5;71726
0;1;71730
0;5;71806
4;2;73127
5;9;73127
4;74;73127
4;1;75004
4;7;75004
0;5;75180
0;5;75291
0;5;75367
0;5;76345
4;5;76355
0;5;76479
0;5;76527
4;5;76611
5;1;76620
0;31;76620
0;1;76852
5;1;76865
0;5;76865
4;9;76865
5;1;76931
5;1;76932
5;1;76933
5;1;76934
5;1;76936
5;1;76948
5;1;76952
5;1;76953
5;1;76961
5;1;76963
5;1;76964
2;1;77013
3;1;77168
4;5;77262
0;5;77287
4;1;77427
5;1;77430
4;5;77430
3;73;77430
4;1;77431
5;1;77432
0;1;77507
5;5;77554
4;47;77554
3;91;77554
4;1;77565
3;73;77565
5;1;77566
3;73;77566
0;77;77566
5;5;77764
5;5;77770
5;5;77995
3;5;78039
5;5;78078
0;1;78508
0;5;80453
3;5;80670
4;5;80897
3;5;80978
5;63;80978
4;5;82192
0;5;82356
0;5;83143
0;5;83144
0;1;83518
4;5;84527
0;1;84699
5;26;84699
5;2;84979
0;77;84979
3;5;84981
4;1;85009
0;74;85009
2;5;86327
4;5;86329
4;1;86630
4;73;86630
0;5;86658
3;5;87519
0;5;87580
5;5;87714
5;1;87976
0;1;87985
0;5;88077
0;1;88666
0;5;88815
5;2;89691
3;5;91244
3;5;91247
3;5;91248
0;5;91253
0;5;91362
3;5;91605
0;1;92160
5;5;92230
0;5;92303
5;73;92303
0;1;92364
0;5;92780
0;5;92936
0;1;93180
5;5;93380
4;5;93818
0;5;94486
0;1;94675
5;1;95420
5;55;95420
0;5;95429
5;1;96646
0;1;96884
0;1;97782
4;56;97782
0;5;98047
5;1;98233
0;9;98233
4;18;98233
0;5;98374
0;5;98573
0;5;98686
1;5;98752
5;5;98906
5;1;99107
4;9;99107
0;1;99219
0;5;99329
5;5;99664
4;5;101112
0;1;101910
0;74;101910
0;5;102000
0;1;102030
5;5;102565
0;5;103292
0;5;103300
4;5;103390
0;5;104039
5;90;104039
0;5;104260
5;5;104263
0;1;104342
0;5;104837
0;5;105548
0;5;105999
0;5;106882
0;5;106952
0;5;107318
0;5;107322
5;5;108182
4;5;108218
5;5;108748
4;5;108771
4;47;108771
4;1;108905
0;5;109771
0;5;109830
5;5;110590
0;5;110896
0;5;113387
0;5;114511
0;1;114737
5;21;114737
3;77;114737
0;1;115471
0;5;115476
4;1;116187
0;5;117833
0;31;117833
5;5;117956
3;5;118345
3;5;119079
5;1;119322
3;5;119322
4;35;119322
0;53;119322
5;55;119322
5;1;119324
4;5;119324
4;35;119324
3;55;119324
0;5;120254
0;5;121986
0;5;122649
4;1;123715
0;73;123715
4;77;123715
4;5;124099
5;5;124507
0;5;125190
0;5;125321
5;1;125404
0;5;125404
0;1;125466
4;5;126215
0;5;126710
0;5;127227
4;5;127634
0;5;127684
5;1;128029
5;5;128029
4;6;128029
5;7;128029
0;53;128029
2;73;128029
3;91;128029
5;5;128155
0;5;128521
1;1;129549
0;5;130002
5;5;130028
0;31;130028
3;5;130520
4;1;130580
4;5;130824
0;5;131851
0;5;132376
0;1;132900
0;1;133394
0;1;134231
0;5;135158
4;5;135484
0;5;136066
5;1;136251
5;20;136251
4;62;136251
5;97;136251
0;1;137554
0;1;139069
5;18;139069
5;55;139069
0;1;141565
0;5;141565
5;5;141931
5;5;141935
5;5;142086
4;1;142296
3;5;142492
0;5;143100
0;5;143428
0;1;143675
0;1;143718
0;1;143999
5;5;144187
0;5;144214
0;5;144960
0;1;145102
0;5;145286
0;5;145385
0;1;146274
0;5;146746
3;5;147791
4;3;148050
3;5;149477
0;5;150104
0;5;150343
0;5;150472
0;1;150731
0;1;150771
5;5;152380
0;5;153525
0;5;153529
0;5;153530
0;5;153575
0;5;153747
0;77;153747
1;91;153747
2;5;155176
0;5;155207
0;1;155981
5;5;156538
0;5;156591
0;5;156599
5;1;156770
0;5;157685
5;1;157993
5;68;157993
0;77;157993
0;5;158005
0;5;158271
0;1;159178
0;1;159760
0;5;159760
0;1;160338
4;56;160338
5;5;160605
0;5;160610
5;5;160680
0;5;161242
0;5;161402
3;1;161540
0;1;161789
5;5;162825
5;5;162849
5;5;162898
3;5;162899
5;5;162932
0;1;164154
0;73;164154
2;5;165055
4;5;166194
0;1;166997
0;47;166997
0;5;168214
5;5;168560
3;5;168564
4;5;168565
0;1;168642
0;53;168642
0;77;168642
0;1;168668
5;2;168668
0;9;168668
4;73;168668
0;5;169718
0;5;169756
0;1;171921
0;1;172313
0;1;172645
0;5;173781
3;5;174670
0;5;174711
0;5;174713
0;5;175078
0;1;175675
0;31;175675
5;5;176353
5;1;177193
4;1;177194
5;5;177335
5;1;178186
5;5;178186
0;1;178788
0;5;178813
3;5;179059
4;5;179122
5;5;179237
5;5;179238
0;5;179245
5;5;179261
5;5;179287
3;5;179327
5;5;179335
5;5;179370
4;5;179406
3;5;179456
5;5;179538
5;5;179579
1;5;179623
4;5;179631
5;5;179645
4;1;180116
5;26;180116
0;5;180467
0;5;180506
0;5;180617
0;1;181205
0;5;181980
0;5;183999
5;1;186074
5;55;186074
0;5;187633
0;5;189644
0;1;190011
0;5;190576
3;1;191669
0;1;192378
0;5;197472
0;5;198033
0;5;198496
0;5;201111
0;5;201138
0;5;201139
3;5;202878
0;5;204286
0;5;205057
0;5;205476
0;5;205821
0;5;206035
0;1;206157
0;5;207333
5;1;210009
0;1;210817
5;1;211099
0;2;211099
5;9;211099
0;77;211099
0;5;214528
0;5;216377
3;1;216443
0;5;217518
0;1;218046
0;5;218357
0;31;218357
0;5;222328
3;3;222636
4;5;223031
5;5;223681
0;5;224285
4;5;224665
0;1;225111
3;5;225219
0;5;226759
5;2;227463
0;15;227463
0;53;227463
0;5;227594
0;5;227896
0;5;228192
0;1;228331
5;5;228333
3;47;228333
4;1;228560
0;5;230550
4;1;231264
0;5;231849
5;1;231850
3;73;231850
0;5;232368
0;5;232888
0;5;233389
0;77;233389
0;5;233504
5;2;234225
1;5;234225
0;9;234225
0;5;234370
4;1;235324
4;1;235559
3;5;235902
0;5;241457
3;1;242268
0;1;242472
0;1;243725
5;73;243725
0;77;243725
2;5;244422
0;1;245344
0;18;245344
4;73;245344
0;5;245524
0;5;246546
0;1;248189
0;77;248189
3;5;249823
0;5;250041
5;5;252268
5;5;252923
5;5;253825
0;5;255049
0;1;255127
0;5;255653
4;1;256008
0;1;256566
5;3;258800
0;1;259028
0;5;261677
5;5;262121
3;1;262963
3;7;262963
3;26;262963
3;1;263012
0;5;263254
0;5;263599
0;5;263601
0;5;263605
0;5;263608
0;5;263614
0;5;263615
0;5;263621
0;5;263641
0;5;264678
0;5;267123
4;5;268464
0;5;269136
0;5;269713
0;5;270032
0;5;273423
0;47;273423
0;5;274527
0;1;276079
0;73;276079
5;1;278662
3;1;279556
0;5;290882
0;5;291325
0;5;292408
0;31;292408
4;1;295961
5;5;297673
5;53;297673
4;63;297673
0;77;297673
2;5;298372
0;1;300024
0;5;300841
3;1;302618
4;5;303434
0;5;304748
5;1;304889
0;74;304889
1;5;305317
0;5;306822
0;5;310039
0;5;310070
0;1;315425
5;56;315425
0;97;315425
4;5;316845
0;1;318431
4;5;318638
4;5;319300
4;47;319300
0;1;324735
0;1;324750
0;77;324750
5;5;325421
0;1;328854
5;5;331169
0;5;331319
3;5;331695
0;5;335090
4;1;335813
4;3;335813
3;73;335813
0;5;336734
0;5;337879
0;5;338798
3;9;338798
0;5;339218
0;77;339218
4;5;340258
0;1;341532
0;5;341726
5;5;341879
4;55;341879
4;5;344476
0;5;344952
0;1;345912
0;5;345912
4;1;347610
4;73;347610
0;5;347698
0;1;349419
0;5;350250
3;5;352156
3;1;353479
0;1;354050
0;5;354625
5;2;355697
4;73;355697
0;5;355789
5;5;356321
4;1;361459
4;5;365311
5;1;368593
3;20;368593
0;21;368593
5;26;368593
0;53;368593
1;56;368593
3;96;368593
3;5;369780
5;1;370493
5;26;370493
5;53;370493
5;77;370493
3;91;370493
0;5;371456
3;5;373028
5;5;373036
0;5;373755
5;1;375711
0;5;376465
0;5;379079
0;5;381362
0;5;383206
0;1;383350
0;1;383396
0;5;384663
3;2;387749
0;5;388787
0;5;391721
0;1;393199
0;5;393199
4;15;393199
0;5;395182
0;5;396805
0;5;398323
0;1;400019
4;5;401889
5;5;404408
0;5;407770
0;1;408147
0;5;411053
0;5;411476
5;1;411703
0;1;414001
0;5;415836
0;5;417549
0;5;419398
5;5;420297
5;5;423177
0;1;423305
4;73;423305
3;1;424587
0;5;424865
0;1;426682
4;2;427475
0;5;427475
5;5;428080
0;1;428263
0;63;428263
5;5;431668
0;1;433567
1;73;433567
0;5;437792
0;5;444347
0;5;446542
5;5;449589
0;5;451720
4;1;452196
2;1;455373
5;18;455373
0;5;458538
5;1;460548
5;5;460548
0;5;462660
1;5;466184
0;1;466878
4;1;469571
0;1;472331
4;73;472331
4;77;472331
0;1;474621
0;5;475339
5;5;485894
3;18;485894
4;21;485894
3;5;486167
0;1;486625
0;5;488318
5;5;488884
5;1;488908
1;3;493354
0;5;497499
0;5;498835
0;5;501175
5;1;502362
4;5;507834
0;5;507836
0;5;507837
2;5;507884
2;5;507894
2;5;507898
0;5;510247
0;5;512704
0;5;512859
3;1;513158
3;1;513173
3;1;513207
0;1;514210
0;1;514313
4;63;514313
4;64;514313
0;5;514346
4;1;515608
0;5;517188
4;1;517266
0;74;517266
0;5;525561
0;5;526927
0;5;527334
0;5;527523
0;5;527756
0;5;528680
0;5;529243
0;53;529243
5;5;531445
0;5;534963
0;5;537661
0;1;540020
0;1;541132
2;35;541132
0;5;543086
5;5;543163
5;5;543164
5;5;543167
0;5;543173
0;5;544508
3;5;546479
5;5;548729
0;5;553783
3;1;555313
0;5;557889
0;5;560535
3;5;563474
0;5;563782
5;5;564037
5;5;564830
0;5;569079
5;1;569564
3;9;569564
0;5;572893
4;5;573876
0;2;577537
0;1;588138
0;5;588138
5;43;588138
3;1;588146
0;5;594139
0;8;594139
5;1;595069
0;5;596355
0;5;598506
0;5;599412
0;5;608216
0;1;612532
4;5;613283
0;1;613547
0;77;613547
0;5;614249
5;5;615570
0;24;615570
0;5;618520
5;5;621963
5;5;621966
3;1;629566
4;1;629604
0;5;635102
4;5;636629
4;5;638520
0;5;639424
3;5;639787
0;1;641601
0;5;644037
0;5;644478
3;5;644740
0;1;649383
5;5;654425
4;5;658035
3;5;659394
0;5;665281
0;1;668811
0;5;673207
3;5;673365
0;5;674181
5;5;674749
0;1;682768
0;1;684240
0;1;685401
0;1;685418
5;5;685447
3;1;685448
5;21;685448
2;5;685456
5;5;685973
0;5;687278
0;5;689025
0;5;694578
0;5;702147
0;5;702559
0;1;705170
0;5;705170
5;5;709202
0;5;711443
0;5;712963
0;5;714033
0;5;720512
0;5;721007
0;5;726176
5;5;726913
0;5;728456
0;5;728461
0;5;728468
0;5;728471
0;5;728477
0;5;728482
0;5;728484
0;5;732230
0;5;733175
0;5;738234
0;5;739202
5;1;739484
4;5;739484
4;5;742718
0;5;751880
0;5;758011
0;5;759313
0;1;759945
0;9;759945
4;26;759945
5;1;760025
0;74;760025
3;1;760110
3;1;760111
5;1;760119
5;1;760129
3;1;762806
0;5;764436
0;1;764832
3;3;765567
0;1;767171
0;95;767171
5;5;768354
0;5;773038
3;26;773038
0;77;773038
5;4;773276
4;1;773858
4;56;773858
3;99;773858
4;1;774088
0;77;774088
0;1;774321
5;5;774544
5;5;774557
5;5;774571
5;5;774576
5;5;774587
5;5;774597
5;5;774600
0;5;775366
0;5;775647
3;5;776407
5;2;776457
0;5;776598
0;5;778310
0;5;779230
5;1;781787
5;5;781787
0;8;781787
5;5;787458
5;5;787540
3;1;797268
0;1;798828
5;5;808853
0;1;809849
5;1;815985
5;4;815985
5;5;815985
0;5;816752
0;5;817315
0;5;817565
5;1;817720
0;5;818567
5;5;819044
5;5;819048
0;5;822187
5;5;822338
5;5;824204
0;5;825438
0;5;825776
4;5;827340
0;5;831382
0;1;831635
4;5;831709
3;5;831845
0;1;836610
0;5;837890
5;3;838125
0;5;842206
0;5;842453
0;5;845978
0;5;846065
0;5;846066
0;5;846381
0;47;846381
0;5;850882
4;5;851678
5;1;853961
0;5;857333
0;5;857502
3;5;857529
0;5;859230
4;73;859230
5;1;862041
0;5;862151
0;5;866284
4;5;866314
0;5;868732
0;5;870506
0;1;873993
0;1;876843
3;5;882278
3;50;882278
5;91;882278
0;5;885541
0;5;886251
0;1;888524
0;1;891224
5;1;897461
2;5;898885
3;47;898885
0;5;900065
0;5;900066
0;5;900068
0;5;900070
0;5;900072
0;5;900089
4;5;905821
0;5;907260
5;5;907272
0;1;908296
0;1;908943
0;5;910039
0;1;915182
4;1;918095
0;5;920093
5;1;944102
0;5;949515
0;5;949929
0;5;949948
4;5;951443
0;5;953435
0;1;955045
4;5;955516
0;5;963274
0;5;965019
0;5;971088
4;5;979186
4;2;981161
0;5;983942
0;1;984021
3;5;992612
0;5;998354
0;5;1000751
0;5;1001309
4;1;1003378
0;1;1006087
0;5;1009845
4;1;1010966
4;5;1010966
4;5;1020312
5;5;1021634
0;5;1022568
5;1;1022863
0;5;1025249
4;1;1027760
3;1;1032760
5;5;1033120
0;5;1044059
4;5;1049108
0;5;1051588
0;5;1053029
0;5;1057543
0;5;1062135
0;5;1072226
4;5;1075501
0;1;1081413
5;5;1087117
0;1;1105956
0;73;1105956
3;95;1105956
3;5;1109407
0;5;1109858
3;1;1119327
0;5;1120114
0;5;1129297
0;5;1129315
5;5;1129939
0;1;1137635
0;5;1139856
5;5;1140753
0;5;1147696
5;5;1151567
5;5;1151568
4;5;1155288
0;5;1158380
3;5;1159679
3;5;1159696
5;1;1165806
5;5;1165806
0;5;1169674
0;5;1189091
0;5;1189454
0;5;1203812
0;1;1203883
5;5;1213135
2;3;1216659
3;5;1217526
0;5;1227311
0;5;1230853
0;5;1252662
4;5;1257465
0;5;1297985
0;77;1297985
2;3;1300228
5;5;1300866
0;1;1304344
0;5;1309050
0;5;1317696
3;1;1317946
0;77;1317946
0;5;1324372
0;5;1326456
0;5;1328088
3;5;1332474
0;5;1342999
0;5;1346507
0;5;1352652
0;5;1373381
0;5;1377932
3;3;1391267
0;5;1398830
0;5;1407041
0;5;1419462
5;5;1431778
0;5;1435928
0;5;1442745
5;5;1450966
4;5;1451568
0;5;1451662
4;2;1472878
0;5;1478017
0;5;1500209
0;5;1505878
0;5;1513722
0;5;1521492
0;5;1521497
0;5;1521503
0;5;1526397
5;5;1527776
0;5;1534603
4;1;1536419
0;5;1538624
0;5;1539785
0;5;1539787
4;5;1541298
0;5;1543796
0;5;1559840
3;5;1575987
0;1;1591959
4;5;1596540
0;1;1617037
0;5;1621263
0;5;1621264
0;5;1623748
0;5;1654201
2;5;1658285
2;5;1658286
0;5;1674903
0;5;1678339
4;5;1678369
0;1;1678664
3;5;1682706
0;5;1687353
0;1;1707053
5;1;1713426
3;18;1713426
0;35;1713426
3;56;1713426
0;74;1713426
0;77;1713426
5;97;1713426
0;5;1740070
0;1;1741472
4;18;1741472
0;5;1778483
0;5;1783750
0;5;1784951
0;5;1785614
0;5;1785695
5;5;1794859
0;5;1811893
0;1;1837402
4;55;1837402
0;5;1837421
0;5;1837424
0;5;1837426
0;5;1837430
0;1;1839361
5;5;1860392
0;5;1861700
4;1;1903878
0;77;1903878
4;1;1903879
0;1;1903880
0;5;1918305
4;53;1918305
3;63;1918305
0;5;1924066
5;5;1938441
3;3;1960593
0;5;1963466
4;5;1965832
5;1;1969280
4;3;1981704
5;5;1986026
0;1;1995421
0;1;1998185
4;55;1998185
0;5;2006825
0;5;2022504
4;5;2038033
0;5;2047878
5;1;2054761
2;5;2060431
4;5;2068620
3;5;2070566
0;5;2076643
0;1;2081374
0;5;2089368
0;5;2091415
4;1;2118114
4;53;2118114
0;5;2124633
0;5;2167397
0;5;2177370
3;5;2183837
2;5;2188254
2;5;2188255
2;5;2188256
0;5;2193815
0;1;2213661
0;5;2232831
0;5;2238642
0;5;2251306
0;77;2251306
0;5;2261465
0;1;2278064
0;1;2279538
4;5;2283911
3;5;2290289
0;1;2294328
0;1;2296567
0;5;2302650
4;2;2315264
5;5;2319839
0;5;2321225
0;5;2321457
4;5;2334921
0;5;2360064
0;5;2392839
2;5;2409550
5;5;2419069
0;5;2422792
5;1;2429135
0;2;2429135
5;8;2429135
3;91;2429135
0;5;2437342
5;5;2442253
3;5;2443573
0;5;2458206
5;1;2485075
5;3;2485075
4;5;2502417
0;5;2505162
0;5;2505576
3;5;2510022
4;5;2520149
0;5;2524597
5;5;2534987
5;5;2581004
5;2;2595138
0;5;2617904
0;1;2632830
0;1;2637318
0;1;2638639
0;5;2641587
5;5;2657953
0;5;2665989
4;5;2686421
2;5;2694688
0;5;2733156
5;5;2735237
4;5;2746876
5;5;2749672
0;5;2760444
5;1;2767052
4;2;2767052
3;5;2767052
4;7;2767052
5;8;2767052
4;18;2767052
3;31;2767052
5;55;2767052
4;63;2767052
0;77;2767052
0;5;2767374
0;5;2790047
0;5;2804776
0;5;2808405
0;1;2819368
0;1;2845024
0;5;2858656
4;5;2871107
0;1;2875137
0;77;2875137
0;5;2898390
0;1;2899681
0;21;2899681
5;5;2904210
0;5;2940062
3;5;2944874
3;3;2946249
0;5;2967752
0;47;2967752
4;91;2967752
5;5;2968166
2;5;2973901
5;3;2998152
0;5;3019018
0;1;3023360
0;5;3046747
0;1;3054673
4;1;3055086
4;1;3061530
5;5;3074639
0;5;3089067
0;5;3121307
4;47;3121307
0;5;3132672
2;3;3139927
5;5;3163933
5;3;3180187
2;18;3180187
0;5;3191446
0;1;3222979
4;1;3228917
4;5;3228917
5;9;3228917
3;18;3228917
4;21;3228917
0;26;3228917
5;53;3228917
4;55;3228917
4;56;3228917
1;96;3228917
3;2;3233856
4;5;3238763
0;1;3251206
0;5;3256532
4;5;3257275
5;5;3276667
5;5;3276669
4;5;3282812
0;5;3283093
0;5;3297175
0;1;3308712
4;5;3309372
3;3;3315855
0;5;3359595
0;5;3360773
0;1;3389089
4;5;3392001
2;1;3396933
0;5;3399860
0;5;3412881
0;5;3448728
0;5;3460863
0;5;3464217
0;5;3476509
0;5;3590213
5;5;3596452
0;1;3621358
0;5;3690187
3;63;3690187
0;5;3693208
0;5;3701590
0;5;3717320
3;63;3717320
0;1;3829650
0;5;3862861
0;1;3892685
2;73;3892685
0;5;4052110
0;5;4070421
0;5;4162471
0;5;4171743
0;1;4191136
0;5;4271806
0;1;4283645
0;5;4291946
0;1;4365121
0;5;4396202
0;5;4443604
4;5;4447859
0;5;4460587
0;5;4596535
4;5;4621256
0;5;4625979
5;5;4667024
5;8;4667024
1;31;4667024
0;47;4667024
2;63;4667024
0;77;4667024
4;91;4667024
0;5;4836021
5;1;4908081
0;1;4912857
0;5;4912857
3;5;4956953
4;1;4986701
4;2;5060378
3;91;5060378
0;5;5070895
5;1;5100525
5;7;5100525
0;5;5301920
0;5;5376520
0;5;5408376
0;5;5489100
0;5;5489641
4;1;5494321
0;5;5533128
5;1;5572634
0;2;5572634
5;1;5577844
0;5;5596263
0;5;5599679
0;5;5713272
0;5;5868316
0;5;5932254
0;5;5969770
0;5;5970143
0;5;6001566
0;5;6013046
0;1;6050992
5;5;6059513
0;5;6063238
0;47;6063238
0;1;6065215
0;5;6083716
0;5;6084301
0;1;6101138
0;5;6101718
4;8;6101718
0;5;6105964
0;5;6111964
0;5;6122879
5;2;6148028
4;18;6148028
4;55;6148028
4;63;6148028
3;73;6148028
3;74;6148028
5;1;6150530
4;5;6240327
0;1;6242611
0;1;6257535
0;5;6260997
4;55;6260997
0;1;6277224
0;5;6280118
0;47;6280118
4;63;6280118
0;5;6280379
0;5;6280473
5;1;6289283
0;26;6289283
3;31;6289283
0;74;6289283
5;5;6314763
0;1;6326920
4;5;6327917
3;1;6337218
0;1;6342995
0;5;6357525
0;5;6364068
0;5;6366437
0;31;6366437
0;1;6383669
0;5;6387626
5;1;6390320
3;1;6392944
3;5;6393891
0;5;6395470
0;5;6398581
5;5;6407014
0;1;6411016
0;1;6411373
3;1;6411961
4;26;6411961
5;5;6418815
0;1;6419887
0;5;6422680
3;5;6424171
0;1;6440775
0;5;6441233
0;5;6452760
5;55;6452760
3;1;6452796
0;77;6452796
4;2;6463967
0;1;6468251
0;73;6468251
5;1;6480781
5;5;6480781
5;26;6480781
4;47;6480781
0;53;6480781
0;1;6486483
1;5;6487537
4;5;6489706
0;5;6493208
0;1;6496815
0;5;6496815
0;5;6520929
0;5;6538061
0;5;6542739
0;1;6547865
5;5;6559778
0;1;6562380
5;1;6563914
4;73;6563914
0;1;6565837
0;5;6566712
0;5;6567378
0;5;6576576
0;5;6576583
0;5;6584510
0;1;6597651
4;55;6597651
0;5;6605281
0;5;6611643
0;5;6611646
0;5;6611651
0;5;6611663
0;5;6611664
0;5;6611667
0;5;6611674
0;5;6611979
4;5;6613956
5;1;6621611
5;5;6625222
4;1;6644782
0;5;6648001
3;1;6652906
0;1;6658783
0;77;6658783
0;1;6659874
0;5;6660587
0;5;6671664
0;77;6671664
5;2;6673172
0;1;6682430
4;5;6684260
0;5;6698001
0;1;6699949
0;5;6705000
5;5;6705653
0;5;6707736
3;1;6713575
0;18;6713575
0;1;6719017
4;5;6726912
0;5;6728738
0;1;6732019
5;21;6732019
3;56;6732019
0;77;6732019
0;5;6827652
5;1;6828896
0;9;6828896
3;18;6828896
0;77;6828896
0;5;6834410
0;6;6834410
0;8;6834410
5;55;6834410
0;1;6902644
0;77;6902644
5;1;6908202
0;5;6909130
0;5;6913830
5;1;6954929
0;5;6966233
0;5;6969460
5;1;6984678
4;1;6987584
5;5;6988014
0;77;6988014
0;5;6991005
0;5;7015403
0;1;7015635
0;5;7015635
0;5;7035852
0;1;7039888
5;5;7053532
5;5;7061619
0;5;7067336
5;5;7091370
0;2;7094339
4;1;7112495
0;5;7121410
0;1;7132363
4;55;7132363
5;5;7141148
0;1;7141642
0;47;7141642
0;73;7141642
0;1;7148931
4;9;7148931
0;53;7148931
0;5;7152646
0;1;7157080
0;2;7171637
0;5;7176578
0;5;7181116
0;5;7215140
0;5;7239616
0;5;7242136
5;5;7242397
0;1;7268003
0;5;7274337
4;47;7274337
0;5;7280539
4;5;7312111
4;1;7315573
4;5;7315573
0;5;7317120
0;5;7325715
5;5;7331435
0;8;7331435
5;31;7331435
0;53;7331435
4;73;7331435
0;77;7331435
0;1;7346787
5;5;7360523
5;5;7362158
0;5;7381740
0;1;7495395
0;5;7505764
5;1;7518289
0;21;7518289
0;5;7519866
0;5;7539418
0;1;7542136
0;1;7562764
0;5;7597904
3;5;7598648
0;5;7603153
0;1;7614793
3;55;7614793
0;1;7632329
0;1;7648967
0;1;7655974
4;2;7677839
5;1;7685831
0;1;7723884
0;5;7747422
0;2;7801229
0;5;7803386
0;5;7816258
0;1;7830553
0;5;7840834
0;5;7864535
3;1;7905092
3;5;7905092
5;40;7905092
3;55;7905092
5;73;7905092
0;77;7905092
0;5;7906903
0;5;7907782
4;5;7907803
0;47;7907803
0;77;7907803
0;1;7935434
4;18;7935434
0;1;7954936
0;5;7976897
0;1;7977385
0;1;7997104
5;55;7997104
0;5;7998500
0;5;8082145
0;5;8099677
5;1;8125726
0;77;8125726
0;1;8138071
0;1;8140686
4;5;8178713
5;1;8191070
0;5;8192278
5;1;8213519
5;5;8213519
0;53;8213519
5;5;8235404
0;1;8260364
0;5;8268599
3;1;8296156
0;5;8296739
0;1;8316125
0;5;8326288
0;5;8376990
2;1;8423493
0;5;8428716
0;5;8473413
0;5;8518218
5;1;8519525
2;74;8519525
0;1;8520610
0;74;8520610
0;77;8520610
0;5;8542739
5;1;8545079
0;5;8558587
0;5;8594551
5;1;8622058
0;5;8630312
0;5;8660865
5;1;8664353
4;73;8664353
0;77;8664353
0;1;8677247
3;1;8684868
0;1;8689913
3;1;8694005
0;5;8721696
4;2;8804878
0;5;8846304
0;1;8879516
4;5;8882001
0;1;8882247
5;1;8907702
0;77;8907702
0;5;8937121
5;5;8988888
0;5;9017452
3;1;9151181
0;5;9191102
0;1;9203287
0;5;9215558
0;5;9266769
0;5;9302502
0;5;9311904
0;5;9346764
0;2;9361589
0;77;9361589
0;5;9381486
4;1;9418327
4;56;9418327
3;73;9418327
0;77;9418327
4;5;9442038
4;1;9460786
0;5;9492104
0;1;9534444
5;55;9534444
5;2;9549746
0;5;9669151
5;5;9709934
0;1;9715309
0;5;9718044
0;5;9723661
0;1;9724238
0;1;9744812
0;1;9844623
0;77;9844623
3;1;9850443
0;77;9850443
0;5;9862761
3;55;9862761
0;5;9883071
0;1;9895917
0;1;9926516
4;1;9938498
4;5;9938498
4;47;9938498
0;5;9956705
4;1;9969571
3;18;9969571
0;35;9969571
5;55;9969571
0;5;9999107
0;1;10054335
5;5;10054335
4;47;10054335
0;1;10127019
3;18;10127019
4;1;10139649
0;5;10189391
0;5;10207258
0;1;10256723
5;55;10256723
0;77;10256723
0;1;10265805
0;1;10281556
0;5;10283435
5;1;10294362
0;5;10306358
0;31;10306358
0;1;10335318
5;2;10374068
0;5;10381725
0;5;10396921
4;1;10405048
0;1;10419045
5;5;10443179
0;5;10444902
5;5;10478031
0;5;10479907
5;5;10482375
5;1;10552338
5;55;10552338
0;77;10552338
5;5;10585025
0;1;10644930
5;2;10664113
5;18;10664113
4;55;10664113
5;1;10673579
0;5;10692646
0;1;10723236
4;5;10803061
5;5;10836813
4;47;10836813
0;1;10872085
0;1;10893214
5;5;10964693
5;5;11036895
0;5;11054019
5;3;11084145
4;18;11084145
4;21;11084145
4;56;11084145
0;77;11084145
0;87;11084145
5;91;11084145
0;1;11093329
0;5;11107244
0;77;11107244
0;1;11223441
3;1;11223478
5;1;11297044
0;5;11336009
5;4;11345770
0;1;11387515
0;5;11411970
0;5;11447921
5;31;11447921
5;55;11447921
4;63;11447921
0;1;11452263
0;1;11457105
0;9;11457105
0;21;11457105
0;77;11457105
0;1;11468377
0;21;11468377
5;35;11468377
0;53;11468377
4;77;11468377
5;1;11474551
0;5;11520381
4;2;11529868
3;73;11529868
0;77;11529868
0;5;11709037
0;5;11717571
0;5;11731381
0;1;11830394
0;5;11855663
4;1;11869272
0;31;11869272
0;2;11873007
0;1;11910905
0;1;11936279
0;1;12030438
0;5;12051722
0;1;12111823
1;5;12232938
3;31;12232938
0;5;12239509
0;5;12267401
0;5;12352452
5;55;12352452
0;73;12352452
0;77;12352452
0;5;12417705
0;5;12435166
0;5;12475019
0;5;12520700
4;1;12567957
0;77;12567957
4;2;12600138
4;1;12609433
0;53;12609433
0;77;12609433
0;97;12609433
4;5;12621555
0;5;12649718
0;5;12666439
0;5;12676712
0;5;12686547
0;1;12727969
0;1;12796483
4;1;12953520
4;1;12961964
5;56;12961964
3;1;12969594
0;5;12975068
0;1;12983631
0;5;12987034
0;1;13009546
5;5;13050383
0;5;13069187
0;5;13069332
0;5;13091294
0;5;13129501
5;1;13148183
0;5;13152194
3;31;13152194
0;5;13152287
0;1;13152847
0;5;13158800
0;5;13159149
0;5;13162988
0;77;13162988
0;1;13163846
0;5;13166621
0;1;13187824
3;1;13239822
0;5;13240418
0;5;13260188
0;5;13281003
4;5;13330599
0;1;13330922
0;5;13330922
4;55;13330922
0;5;13373487
0;5;13384575
5;1;13414676
5;5;13414676
0;1;13414742
0;5;13422401
0;1;13425570
5;5;13429746
4;1;13453029
0;77;13453029
0;5;13482753
5;1;13526165
5;5;13526165
3;6;13526165
0;8;13526165
5;31;13526165
0;47;13526165
5;5;13526269
0;1;13529069
0;1;13531802
0;2;13537979
0;1;13538873
0;56;13538873
0;77;13538873
0;1;13543093
0;1;13543159
0;1;13549531
5;1;13573189
0;77;13573189
0;5;13573517
0;77;13573517
0;1;13585766
5;5;13586707
5;91;13586707
5;5;13586873
0;5;13588101
0;1;13588356
0;1;13588394
0;77;13588394
0;97;13588394
0;5;13591295
0;5;13593970
0;1;13622134
0;5;13623847
0;5;13624688
5;5;13637360
5;5;13641387
0;77;13641387
0;5;13707595
0;1;13722902
0;5;13723837
5;1;13792790
0;1;14335237
5;1;14356972
0;5;14568987
0;77;14568987
4;5;14652010
5;5;14781236
4;5;14781355
0;5;14841582
0;1;14843814
0;5;15015015
0;63;15015015
5;5;15507958
0;24;15507958
4;63;15507958
0;77;15507958
3;91;15507958
0;5;15701217
0;1;15704307
0;5;15712352
0;5;15790842
0;5;15792978
0;1;15793509
0;1;15796700
0;5;15797226
0;5;15797938
0;5;15797962
0;5;15799351
0;1;15801967
3;55;15801967
0;1;15803037
0;5;15803037
0;5;15803141
0;5;15808296
0;5;15811543
0;5;15815333
0;5;15815364
0;5;15818077
0;5;15819171
5;1;15839976
3;55;15839976
0;73;15839976
0;3;15843172
0;77;15843172
0;1;15849559
0;1;15894541
5;18;15894541
0;1;15897036
0;5;15918895
0;5;16000300
0;5;16002674
0;5;16002685
0;5;16005239
5;1;16008171
4;1;16033093
0;1;16041810
0;1;16044969
0;5;16045023
0;5;16045166
5;1;16064871
0;1;16071764
1;31;16071764
3;47;16071764
0;5;16081272
0;5;16085481
4;55;16085481
0;5;16099182
5;3;16115612
5;5;16115612
0;8;16115612
0;77;16115612
0;5;16127243
0;3;16130549
0;5;16138688
0;5;16142053
0;5;16148375
0;5;16158542
4;47;16158542
0;77;16158542
0;1;16158577
0;1;16158596
0;1;16160797
0;1;16171221
4;55;16171221
0;1;16174968
0;5;16176440
0;5;16181775
0;5;16233475
0;1;16233761
0;5;16250904
0;1;17130524
0;5;17194879
0;1;17208457
0;1;17212231
0;1;17236175
0;74;17236175
4;77;17236175
0;3;17262134
0;3;17262203
0;1;17262366
5;55;17262366
0;1;17286699
0;1;17288661
2;55;17288661
5;1;17290220
3;1;17306293
4;56;17306293
5;1;17315048
4;1;17333223
0;5;17333223
2;31;17333223
4;47;17333223
1;73;17333223
0;77;17333223
0;1;17333324
0;73;17333324
0;1;17333428
0;1;17343416
0;1;17349201
3;95;17349201
0;1;17370059
0;5;17415010
5;1;17451257
0;5;17465453
0;1;17554595
0;1;17557750
4;1;17563539
0;3;17571007
0;5;17573647
0;77;17573647
5;1;17660462
2;55;17660462
0;5;17693783
0;1;17707720
0;1;17732292
0;1;17793936
0;5;17834895
0;5;17851885
4;1;17855756
4;1;17860739
0;77;17860739
3;1;17910054
0;5;17910544
0;1;17910549
4;18;17910549
0;5;17920210
0;5;17934652
0;5;17934655
0;5;17978134
0;1;17986396
3;55;17986396
0;5;17993062
5;3;18007564
5;8;18007564
5;55;18007564
4;73;18007564
4;77;18007564
0;1;18050143
0;5;18050143
4;18;18050143
0;77;18050143
0;5;18111281
0;5;18114068
5;31;18114068
4;5;18114083
5;5;18143977
5;6;18143977
4;8;18143977
5;15;18143977
0;63;18143977
5;91;18143977
0;1;18144124
0;5;18144124
0;1;18170143
0;77;18170143
5;1;18176747
3;18;18176747
3;55;18176747
4;77;18176747
0;1;18214414
0;5;18218954
0;5;18240248
5;1;18245960
0;5;18293427
0;3;18295861
5;1;18296097
0;5;18302455
3;31;18302455
0;77;18302455
0;1;18364442
0;5;18405580
0;1;18453086
0;1;18465875
4;55;18465875
0;5;18505796
4;56;18505796
0;1;18505802
0;5;18589836
5;5;18595409
0;1;18633693
0;1;18635165
0;9;18635165
0;1;18656827
4;55;18656827
4;1;18659415
0;1;18662189
5;1;18662473
0;77;18662473
0;1;18667753
0;1;18667945
0;77;18667945
0;1;18668059
0;77;18668059
4;1;18670661
4;1;18670662
0;1;18693394
0;5;18693763
4;31;18693763
0;1;18693910
0;5;18693910
4;55;18693910
0;5;18736672
0;1;18736925
0;73;18736925
0;77;18736925
0;5;18773666
4;1;18774020
0;77;18774020
0;1;18775365
0;5;18775365
0;31;18775365
5;1;18777578
0;5;18802396
0;5;18813645
0;2;18867711
0;1;18881101
4;1;18886735
0;1;18891716
4;1;18914012
5;1;18919798
4;1;18920567
0;5;18945208
0;5;19067276
0;1;19132221
0;1;19161852
0;73;19161852
0;3;19173642
0;2;19286609
0;1;19322250
0;5;19371645
5;3;19373802
4;1;19398490
4;1;19404862
0;77;19404862
0;5;19486412
5;8;19486412
5;55;19486412
0;77;19486412
3;91;19486412
0;1;19583491
0;5;19728202
5;1;19816540
0;74;19816540
4;1;20233943
0;5;20263213
0;5;20342617
0;5;20439328
0;5;20454102
0;1;20484662
0;1;20527133
0;77;20527133
5;1;20604826
5;55;20604826
0;5;20695981
0;5;20819685
0;8;20819685
0;1;20821043
0;1;20821080
5;1;20873740
4;56;20873740
0;74;20873740
0;5;20893483
0;1;20897517
5;2;20898092
0;2;20930812
0;1;20949716
0;1;21413662
0;77;21413662
0;3;21418013
0;1;21474435
5;1;21792828
4;56;21792828
0;1;21806197
0;74;21806197
0;77;21806197
0;1;21856367
2;55;21856367
0;77;21856367
0;1;22055137
4;1;22078596
5;5;22115809
0;5;22173463
0;5;22237214
0;5;22244927
5;1;22318578
4;35;22318578
0;47;22318578
0;5;22440046
0;1;22544758
4;1;22551730
0;18;22551730
0;24;22551730
4;1;22557272
1;55;22557272
0;69;22557272
0;5;22587574
0;1;22591134
0;1;22609522
0;5;22674105
0;5;22675867
0;5;22675959
0;1;22738563
0;1;22749776
0;1;22750073
5;1;22816087
4;56;22816087
0;77;22816087
0;5;22822858
0;77;22822858
0;91;22822858
5;5;22823462
4;56;22823462
5;1;22875447
0;77;22875447
0;5;22875451
0;5;22929741
0;1;23002924
0;1;23014006
0;1;23149647
3;1;23158207
3;55;23158207
0;5;23167708
0;1;23168277
0;5;23168823
0;74;23168823
0;1;23214263
0;2;23301450
4;1;23310161
5;5;23359966
0;1;23395719
0;3;23618065
0;1;23677430
0;5;23692271
4;18;23692271
2;35;23692271
5;55;23692271
0;1;23848190
0;1;23848571
5;5;24001087
0;1;24189224
5;1;24375664
0;18;24375664
0;1;24396144
0;5;24432412
0;1;24459855
0;5;24694237
0;5;24723229
5;1;24769588
0;5;24945396
0;1;25319219
3;1;25410261
0;5;25489351
0;1;25541028
0;1;25614523
0;5;25614905
0;5;25622752
0;2;25663888
0;1;25666050
0;77;25666050
0;1;25716722
5;1;25735618
0;5;25812847
0;1;25814544
5;56;25814544
0;77;25814544
0;5;25817493
0;5;25852784
0;35;25852784
5;55;25852784
0;1;25873887
4;1;25884323
0;5;25893693
5;47;25893693
4;91;25893693
0;1;25897720
0;1;25899336
5;5;25899336
4;9;25899336
4;31;25899336
4;35;25899336
0;77;25899336
0;5;25982610
0;1;26114127
4;55;26114127
0;1;26118426
0;5;26195954
0;1;26245038
2;55;26245038
0;1;26245763
0;77;26245763
0;5;26245850
0;47;26245850
0;1;26597296
0;1;26721984
0;5;26795372
0;1;26827093
0;5;26854212
0;5;26857557
0;5;27040143
0;1;27161156
4;55;27161156
0;1;27209130
0;5;27246115
0;1;27311335
0;1;27833614
4;1;28114110
4;1;28119237
0;1;28251002
0;8;28251002
0;77;28251002
0;1;28259132
4;55;28259132
0;77;28259132
0;1;28260567
0;1;28363972
0;1;28503628
3;1;28684704
5;1;28699343
5;5;28699343
5;5;28818350
0;1;28820024
0;77;28820024
3;1;29058155
0;5;29340182
3;31;29340182
0;1;29430012
0;47;29430012
0;1;29570143
0;77;29570143
4;1;29584452
5;1;29893493
0;1;29905580
0;1;29939161
4;35;29939161
5;1;29983426
0;77;29983426
0;1;30139664
0;73;30139664
0;1;30151122
0;1;30211956
4;1;30282601
3;73;30282601
0;1;30317415
0;1;30334134
3;35;30334134
3;55;30334134
0;1;30422361
0;1;30622471
0;5;30622471
4;1;31138556
0;5;31138556
0;9;31138556
4;55;31138556
0;1;31184479
0;1;31428717
0;1;31580409
0;1;31675326
0;1;31823677
0;1;31850765
0;1;32075825
0;73;32075825
0;1;32197625
0;1;32283133
0;69;32283133
0;1;32283423
5;1;32570472
5;1;32570572
5;5;32570572
0;5;32620332
0;1;32620335
5;1;32768285
0;1;32895535
0;1;32938155
0;35;32938155
0;1;33156573
5;1;33232571
0;1;33282947
3;1;33395538
0;1;33503613
0;1;33517540
0;1;33571713
0;1;33585392
0;1;33859095
5;5;33863667
3;1;33947227
0;5;33947227
0;1;34017076
0;1;34082538
0;1;34376059
0;1;34427200
0;1;34467031
0;1;34684622
0;1;34728667
0;1;34890015
5;1;34941133
0;5;34941133
0;1;34974754
3;1;35097545
0;1;35099161
1;1;35301333
0;1;35412097
0;5;35412097
0;1;35510925
0;1;35968998
0;5;36036503
5;5;36371903
5;1;36505603
0;1;36510196
5;5;36511814
0;5;36687283
0;47;36687283
0;1;37657741
0;1;38770021
0;1;39669100
